first_names, last_name, email
James, Wilks, ameswilks@bogusemail.com
Charles, Arnold, charlesarnold@bogusemail.com
Taylor,dave, taylor@bogusemail.com
Jane ,jane, taylor@bogusemail.com
Corey ,Jackson,coreyjackson@bogusemail.com
Michaes, Harris, Harris@bogusemail.com
Laura, Pat, teraurapatterson@bogusemail.com
James, Doe, doe47@gusemail.com
Barbara, Brown,abrown@bogusemail.com
Linda, White,white@bogusemail.com
Laura, Jeffer, rajefferson@bogusemail.com
Neil, Stuar, teilstuart@bogusemail.com
Travis, Johnso, visjohnson@bogusemail.com
Corey, Davis,coreydavis@bogusemail.com
Mary ,Jacobs,cobs@bogusemail.com
Maria, Taylor, aylor@bogusemail.com
Joe, Jackso, joejackson@bogusemail.com
Laura, Jackson, kson@bogusemail.com
Maggie, Thomas, thomas@bogusemail.com
Tom, Davis,davis@bogusemail.com
Joe, Thomas, thomas@bogusemail.com
Neil, Thomas,thomasas@bogusemail.com
Nicole, White,hite@bogusemail.com
Steve, Johnso,stevejohnson@bogusemail.com

